{"engine_id": [1, 2, 3, 4, 5, 6, 7, 8, 9, 10, 11, 12, 13, 14, 15, 16, 17, 18, 19, 20, 21, 22, 23, 24, 25, 26, 27, 28, 29, 30, 31, 32, 33, 34, 35, 36, 37, 38, 39, 40, 41, 42, 43, 44, 45, 46, 47, 48, 49, 50, 51, 52, 53, 54, 55, 56, 57, 58, 59, 60, 61, 62, 63, 64, 65, 66, 67, 68, 69, 70, 71, 72, 73, 74, 75, 76, 77, 78, 79, 80, 81, 82, 83, 84, 85, 86, 87, 88, 89, 90, 91, 92, 93, 94, 95, 96, 97, 98, 99, 100], "predicted_rul": [174.76788420942705, 138.64947506175733, 80.81369203152133, 107.41348293315409, 101.2777121625669, 113.3683158260653, 85.93441748290348, 70.62860462093886, 135.37864835937378, 82.6100225613061, 119.12346041114753, 51.72950407901607, 60.39611561230885, 132.79518684564806, 142.4041422571387, 118.59920325790856, 61.34331969670586, 62.29993648961522, 100.52251878726739, 29.376922886757313, 97.3972824524148, 147.9629028473473, 121.71225835665089, 47.188852032201396, 148.24138801888267, 152.18733517788263, 103.37776793860675, 87.46067032660946, 91.20430009213399, 85.27451308075513, 27.30264794197535, 94.01508711782756, 140.02683084299372, 1.9171564046707772, 6.446295520962963, 67.78432431831556, 80.61849858414183, 102.75262042201086, 173.86463042808742, 52.492621263792785, 86.06553297910253, 36.641241721689084, 56.860314447566395, 135.15338206720958, 74.98993434126541, 76.02116397433977, 137.2005828117263, 129.5985660357838, -39.32904577088874, 153.7743947964999, 104.12618246648316, 44.24200983808072, 48.05782076608884, 132.6929427107076, 136.38316272960796, 60.258919993007396, 86.53796313078166, 48.348534970295304, 142.49564177051178, 94.44914352584541, 50.91297766228635, 43.17742983419822, 66.92420468649448, 52.655787840502995, 170.87348763940184, 43.59622644065581, 125.13011122845097, 16.317767826694194, 144.49376923006568, 92.7440680386409, 149.63894556660009, 91.75475129254329, 145.9843338008248, 94.15247688064272, 132.29018590921177, 21.386769539500676, 61.24128605694966, 186.34536146814293, 121.32254604162964, 99.57703918142005, 4.26123207586204, 26.71245733706334, 122.05788796086682, 61.266957329486615, 144.02954175495768, 113.36590474874842, 179.71335867728106, 127.13329465194954, 75.06179277413463, 63.59142059363228, 5.690527173204316, 48.19350975607895, 15.766699644355185, 75.10047807398516, 152.77465266988492, 139.2929534095307, 101.73372336632153, 80.81412787504331, 149.48450686963574, 21.56449462740767], "actual_rul": [112, 98, 69, 82, 91, 93, 91, 95, 111, 96, 97, 124, 95, 107, 83, 84, 50, 28, 87, 16, 57, 111, 113, 20, 145, 119, 66, 97, 90, 115, 8, 48, 106, 7, 11, 19, 21, 50, 142, 28, 18, 10, 59, 109, 114, 47, 135, 92, 21, 79, 114, 29, 26, 97, 137, 15, 103, 37, 114, 100, 21, 54, 72, 28, 128, 14, 77, 8, 121, 94, 118, 50, 131, 126, 113, 10, 34, 107, 63, 90, 8, 9, 137, 58, 118, 89, 116, 115, 136, 28, 38, 20, 85, 55, 128, 137, 82, 59, 117, 20]}